<?xml version = "1.0"?>
<?xml-stylesheet type = "text/xsl" href = "student.xsl"?>
<class>
<employee id = "001">
<firstname>Vito</firstname>
<lastname>Carleone</lastname>
<nickname>Godfather</nickname>
<salary>30000</salary>
</employee>
<employee id = "024">
<firstname>Micheal</firstname>
<lastname>Carleone</lastname>
<nickname>Mickie</nickname>
<salary>25000</salary>
</employee>
<employee id = "056">
<firstname>Clemenza</firstname>
<lastname>Gun</lastname>
<nickname>Cannoli</nickname>
<salary>10000</salary>
</employee>
</class>
